,image_name,classification
0,Case_3_A10-10547-25283,Non-Tumor
1,Case_3_A10-10566-40206,Non-Tumor
2,Case_3_A10-13444-20223,Non-Tumor
3,Case_3_A10-14507-37285,Non-Tumor
4,Case_3_A10-14726-26052,Non-Tumor
5,Case_3_A10-14813-24100,Non-Viable-Tumor
6,Case_3_A10-16082-41283,Non-Tumor
7,Case_3_A10-17206-19249,Non-Viable-Tumor
8,Case_3_A10-19799-5772,Non-Viable-Tumor
9,Case_3_A10-25071-24159,Non-Viable-Tumor
10,Case_3_A10-26546-21577,Non-Viable-Tumor
11,Case_3_A10-26935-6593,Non-Viable-Tumor
12,Case_3_A10-28110-17616,Non-Viable-Tumor
13,Case_3_A10-28463-9497,Non-Viable-Tumor
14,Case_3_A10-32184-17317,Non-Viable-Tumor
15,Case_3_A10-33239-2811,Non-Viable-Tumor
16,Case_3_A10-3671-14840,Non-Tumor
17,Case_3_A10-37695-6276,Non-Viable-Tumor
18,Case_3_A10-42682-16878,Non-Viable-Tumor
19,Case_3_A10-43205-4260,Non-Viable-Tumor
20,Case_3_A10-43279-17240,Non-Viable-Tumor
21,Case_3_A10-43563-32168,Non-Tumor
22,Case_3_A10-6162-33852,Non-Tumor
23,Case_3_A10-6747-12959,Non-Tumor
24,Case_3_A10-6935-14250,Non-Tumor
25,Case_3_A10-7101-7481,Non-Viable-Tumor
26,Case_3_A10-9695-39638,Non-Tumor
27,Case_3_A12-12706-7126,Non-Viable-Tumor
28,Case_3_A12-14795-35402,Non-Tumor
29,Case_3_A12-16067-9053,Non-Viable-Tumor
30,Case_3_A12-17700-32032,Non-Tumor
31,Case_3_A12-18156-14343,Non-Viable-Tumor
32,Case_3_A12-1902-25383,Non-Tumor
33,Case_3_A12-19907-12559,Non-Viable-Tumor
34,Case_3_A12-20939-18996,Non-Viable-Tumor
35,Case_3_A12-24008-4724,Non-Viable-Tumor
36,Case_3_A12-24626-4413,Non-Viable-Tumor
37,Case_3_A12-26266-6931,Non-Viable-Tumor
38,Case_3_A12-27307-29117,Non-Viable-Tumor
39,Case_3_A12-28029-11197,Non-Viable-Tumor
40,Case_3_A12-29223-26617,Non-Viable-Tumor
41,Case_3_A12-29860-25889,Non-Viable-Tumor
42,Case_3_A12-30696-5036,Non-Viable-Tumor
43,Case_3_A12-3094-27426,Non-Tumor
44,Case_3_A12-3218-15469,Non-Tumor
45,Case_3_A12-32422-16245,Non-Viable-Tumor
46,Case_3_A12-32477-34353,Non-Tumor
47,Case_3_A12-33164-13699,Non-Viable-Tumor
48,Case_3_A12-34294-35557,Non-Tumor
49,Case_3_A12-37374-17669,Viable
50,Case_3_A12-37793-17155,Viable
51,Case_3_A12-38883-35759,Non-Tumor
52,Case_3_A12-39264-6515,Non-Viable-Tumor
53,Case_3_A12-42160-4982,Non-Viable-Tumor
54,Case_3_A12-43202-17223,Non-Viable-Tumor
55,Case_3_A12-4590-32528,Non-Tumor
56,Case_3_A12-8900-9585,Non-Viable-Tumor
57,Case_3_A13-11064-6880,Non-Viable-Tumor
58,Case_3_A13-12886-26466,Non-Viable-Tumor
59,Case_3_A13-14922-4693,Non-Viable-Tumor
60,Case_3_A13-18067-22685,Non-Tumor
61,Case_3_A13-18373-28000,Non-Tumor
62,Case_3_A13-20812-5829,Non-Viable-Tumor
63,Case_3_A13-23909-10851,Non-Viable-Tumor
64,Case_3_A13-25714-32133,Non-Tumor
65,Case_3_A13-25994-9457,Non-Viable-Tumor
66,Case_3_A13-26025-19725,Non-Viable-Tumor
67,Case_3_A13-26388-12521,Non-Viable-Tumor
68,Case_3_A13-29731-5963,Non-Viable-Tumor
69,Case_3_A13-30465-16520,Non-Viable-Tumor
70,Case_3_A13-30624-3328,Non-Viable-Tumor
71,Case_3_A13-32860-19573,Non-Viable-Tumor
72,Case_3_A13-33512-19541,Non-Viable-Tumor
73,Case_3_A13-35123-3915,Non-Viable-Tumor
74,Case_3_A13-3967-28506,Non-Tumor
75,Case_3_A13-40883-4236,Non-Viable-Tumor
76,Case_3_A13-41207-24818,Non-Viable-Tumor
77,Case_3_A13-5020-19174,Non-Tumor
78,Case_3_A13-6266-11957,Non-Tumor
79,Case_3_A13-6749-8498,Non-Tumor
80,Case_3_A13-8917-22529,Non-Tumor
81,Case_3_A13-9953-21807,Non-Tumor
82,Case_3_A14-10618-25632,Non-Tumor
83,Case_3_A14-1106-28928,Non-Tumor
84,Case_3_A14-12561-9880,Non-Viable-Tumor
85,Case_3_A14-16152-29957,Non-Tumor
86,Case_3_A14-16417-3901,Non-Viable-Tumor
87,Case_3_A14-17915-18084,Non-Viable-Tumor
88,Case_3_A14-18021-13552,Non-Viable-Tumor
89,Case_3_A14-18644-6337,Non-Viable-Tumor
90,Case_3_A14-20876-5533,Non-Viable-Tumor
91,Case_3_A14-25077-2887,Non-Viable-Tumor
92,Case_3_A14-25376-17951,Non-Viable-Tumor
93,Case_3_A14-26126-3286,Non-Viable-Tumor
94,Case_3_A14-27770-6278,Non-Viable-Tumor
95,Case_3_A14-2833-14298,Non-Tumor
96,Case_3_A14-31044-35995,Non-Tumor
97,Case_3_A14-32589-6663,Non-Viable-Tumor
98,Case_3_A14-34515-24089,Non-Viable-Tumor
99,Case_3_A14-34677-35228,Non-Tumor
100,Case_3_A14-35691-34445,Non-Tumor
101,Case_3_A14-37149-17859,Viable
102,Case_3_A14-39214-1868,Non-Viable-Tumor
103,Case_3_A14-39989-31599,Non-Tumor
104,Case_3_A14-40672-19680,Non-Viable-Tumor
105,Case_3_A14-43856-28803,Non-Tumor
106,Case_3_A14-44682-31013,Non-Tumor
107,Case_3_A14-4535-11753,Non-Viable-Tumor
108,Case_3_A14-7460-21553,Non-Tumor
109,Case_3_A15-10555-31474,Non-Tumor
110,Case_3_A15-11584-17031,Non-Tumor
111,Case_3_A15-12529-2824,Non-Viable-Tumor
112,Case_3_A15-13769-20416,Non-Tumor
113,Case_3_A15-16783-7651,Non-Viable-Tumor
114,Case_3_A15-17017-30243,Non-Tumor
115,Case_3_A15-18345-32676,Non-Tumor
116,Case_3_A15-19473-25342,Non-Tumor
117,Case_3_A15-19602-20751,Non-Viable-Tumor
118,Case_3_A15-25441-4885,Non-Viable-Tumor
119,Case_3_A15-2767-11665,Non-Tumor
120,Case_3_A15-27719-34322,Non-Tumor
121,Case_3_A15-28616-30170,Non-Tumor
122,Case_3_A15-2939-11262,Non-Tumor
123,Case_3_A15-29596-14862,Non-Viable-Tumor
124,Case_3_A15-31956-20390,Non-Viable-Tumor
125,Case_3_A15-32427-21534,Non-Viable-Tumor
126,Case_3_A15-32664-16876,Non-Viable-Tumor
127,Case_3_A15-34291-15707,Non-Viable-Tumor
128,Case_3_A15-34793-16511,Non-Viable-Tumor
129,Case_3_A15-37036-30140,Non-Tumor
130,Case_3_A15-3785-32371,Non-Tumor
131,Case_3_A15-38074-15813,viable: non-viable
132,Case_3_A15-38347-25444,Non-Viable-Tumor
133,Case_3_A15-41229-4171,Non-Viable-Tumor
134,Case_3_A15-4922-2530,Non-Viable-Tumor
135,Case_3_A15-5365-37554,Non-Tumor
136,Case_3_A15-6063-36714,Non-Tumor
137,Case_3_A15-6568-18811,Non-Tumor
138,Case_3_A16-12207-22669,Non-Tumor
139,Case_3_A16-12753-7173,Non-Viable-Tumor
140,Case_3_A16-12872-19040,Non-Tumor
141,Case_3_A16-15703-4602,Non-Viable-Tumor
142,Case_3_A16-16526-13063,Non-Viable-Tumor
143,Case_3_A16-17478-7786,Non-Viable-Tumor
144,Case_3_A16-18494-17234,Non-Viable-Tumor
145,Case_3_A16-18579-5543,Non-Viable-Tumor
146,Case_3_A16-20932-16777,Non-Viable-Tumor
147,Case_3_A16-21084-22389,Non-Viable-Tumor
148,Case_3_A16-21555-14170,Non-Viable-Tumor
149,Case_3_A16-22513-3757,Non-Viable-Tumor
150,Case_3_A16-23455-14529,Non-Viable-Tumor
151,Case_3_A16-23679-14549,Non-Viable-Tumor
152,Case_3_A16-24669-5556,Non-Viable-Tumor
153,Case_3_A16-25344-6555,Non-Viable-Tumor
154,Case_3_A16-29058-10941,Non-Viable-Tumor
155,Case_3_A16-30229-10876,Non-Viable-Tumor
156,Case_3_A16-31398-22850,Non-Viable-Tumor
157,Case_3_A16-32696-21122,Non-Viable-Tumor
158,Case_3_A16-35442-28193,Non-Viable-Tumor
159,Case_3_A16-35584-14421,Non-Viable-Tumor
160,Case_3_A16-35991-7626,Non-Viable-Tumor
161,Case_3_A16-36233-10925,Non-Viable-Tumor
162,Case_3_A16-3833-2415,Non-Viable-Tumor
163,Case_3_A16-40231-27051,Non-Viable-Tumor
164,Case_3_A16-5621-4126,Non-Viable-Tumor
165,Case_3_A16-6244-27384,Non-Viable-Tumor
166,Case_3_A16-6841-16910,Non-Tumor
167,Case_3_A16-7295-31391,Non-Tumor
168,Case_3_A16-9134-12603,Non-Tumor
169,Case_3_A17-12112-17050,Non-Viable-Tumor
170,Case_3_A17-12247-30984,Non-Tumor
171,Case_3_A17-12545-27848,Non-Tumor
172,Case_3_A17-13333-19421,Non-Tumor
173,Case_3_A17-14482-34987,Non-Tumor
174,Case_3_A17-15765-20926,Non-Tumor
175,Case_3_A17-16570-4475,Non-Viable-Tumor
176,Case_3_A17-18662-24877,Non-Tumor
177,Case_3_A17-18676-13247,Non-Viable-Tumor
178,Case_3_A17-2310-19149,Non-Tumor
179,Case_3_A17-25048-1930,Non-Viable-Tumor
180,Case_3_A17-26576-11618,Non-Viable-Tumor
181,Case_3_A17-27172-22922,Non-Viable-Tumor
182,Case_3_A17-27836-33168,Non-Tumor
183,Case_3_A17-29372-19206,Non-Viable-Tumor
184,Case_3_A17-2937-33559,Non-Tumor
185,Case_3_A17-32230-20244,Non-Viable-Tumor
186,Case_3_A17-38169-7823,Non-Viable-Tumor
187,Case_3_A17-38558-18797,Non-Viable-Tumor
188,Case_3_A17-39258-10719,Non-Viable-Tumor
189,Case_3_A17-39482-17002,Non-Viable-Tumor
190,Case_3_A17-4064-3304,Non-Viable-Tumor
191,Case_3_A17-42739-1928,Non-Viable-Tumor
192,Case_3_A17-44121-29500,Non-Tumor
193,Case_3_A17-45279-32496,Non-Tumor
194,Case_3_A17-5652-20182,Non-Tumor
195,Case_3_A17-6827-25257,Non-Viable-Tumor
196,Case_3_A17-7799-34542,Non-Tumor
197,Case_3_A17-8146-19462,Non-Tumor
198,Case_3_A18-10642-28016,Non-Tumor
199,Case_3_A18-11012-16647,Non-Tumor
200,Case_3_A18-11113-4790,Non-Viable-Tumor
201,Case_3_A18-13866-37377,Non-Tumor
202,Case_3_A18-14183-14592,Non-Viable-Tumor
203,Case_3_A18-16291-27049,Non-Viable-Tumor
204,Case_3_A18-19765-24396,Non-Tumor
205,Case_3_A18-19927-30678,Non-Tumor
206,Case_3_A18-21774-29686,Non-Viable-Tumor
207,Case_3_A18-22725-7679,Non-Viable-Tumor
208,Case_3_A18-26671-8353,Non-Viable-Tumor
209,Case_3_A18-28050-10869,Non-Viable-Tumor
210,Case_3_A18-29907-24273,Non-Viable-Tumor
211,Case_3_A18-30239-1991,Non-Viable-Tumor
212,Case_3_A18-37523-16456,Non-Viable-Tumor
213,Case_3_A18-37940-12063,Non-Viable-Tumor
214,Case_3_A18-3816-24060,Non-Tumor
215,Case_3_A18-39897-25655,Non-Viable-Tumor
216,Case_3_A18-41302-32324,Non-Tumor
217,Case_3_A18-41611-21066,Non-Viable-Tumor
218,Case_3_A18-41817-26873,Non-Viable-Tumor
219,Case_3_A18-42378-16271,Non-Viable-Tumor
220,Case_3_A18-6464-3819,Non-Viable-Tumor
221,Case_3_A18-6551-37204,Non-Tumor
222,Case_3_A18-9303-23566,Non-Tumor
223,Case_3_A18-9485-39729,Non-Tumor
224,Case_3_A18-9709-20966,Non-Tumor
225,Case_3_A18-9712-32113,Non-Tumor
226,Case_3_A7-10464-40567,Non-Tumor
227,Case_3_A7-11686-7821,Non-Viable-Tumor
228,Case_3_A7-12689-31503,Non-Tumor
229,Case_3_A7-12921-34202,Non-Tumor
230,Case_3_A7-13231-25695,Non-Viable-Tumor
231,Case_3_A7-13363-2996,Non-Viable-Tumor
232,Case_3_A7-13460-33035,Non-Tumor
233,Case_3_A7-14113-31320,Non-Tumor
234,Case_3_A7-14703-16558,Non-Viable-Tumor
235,Case_3_A7-16948-19208,Non-Tumor
236,Case_3_A7-18669-5101,Non-Viable-Tumor
237,Case_3_A7-19592-19096,Non-Viable-Tumor
238,Case_3_A7-22533-27072,Non-Viable-Tumor
239,Case_3_A7-25131-12730,Non-Viable-Tumor
240,Case_3_A7-25309-2061,Non-Viable-Tumor
241,Case_3_A7-27102-7995,Non-Viable-Tumor
242,Case_3_A7-29290-29183,Non-Tumor
243,Case_3_A7-29420-19979,Non-Viable-Tumor
244,Case_3_A7-31694-7282,Non-Viable-Tumor
245,Case_3_A7-31801-6579,Non-Viable-Tumor
246,Case_3_A7-32878-13552,Non-Viable-Tumor
247,Case_3_A7-34476-34669,Non-Tumor
248,Case_3_A7-35188-7457,Non-Viable-Tumor
249,Case_3_A7-36617-26705,Non-Viable-Tumor
250,Case_3_A7-36958-32140,Non-Tumor
251,Case_3_A7-3774-28397,Non-Tumor
252,Case_3_A7-39090-2995,Non-Viable-Tumor
253,Case_3_A7-40281-28771,Non-Tumor
254,Case_3_A7-5014-31757,Non-Tumor
255,Case_3_A7-7717-26653,Non-Viable-Tumor
256,Case_3_A7-8126-12734,Non-Tumor
257,Case_3_A8-10396-34864,Non-Tumor
258,Case_3_A8-11491-21160,Non-Tumor
259,Case_3_A8-14916-20753,Non-Tumor
260,Case_3_A8-17308-25507,Non-Tumor
261,Case_3_A8-17525-23399,Non-Tumor
262,Case_3_A8-17777-30759,Non-Tumor
263,Case_3_A8-19213-13280,Non-Viable-Tumor
264,Case_3_A8-20541-20421,Non-Viable-Tumor
265,Case_3_A8-20812-18023,Non-Viable-Tumor
266,Case_3_A8-21347-28454,Non-Tumor
267,Case_3_A8-23069-11985,Non-Viable-Tumor
268,Case_3_A8-25825-20639,Non-Viable-Tumor
269,Case_3_A8-27422-14386,Non-Viable-Tumor
270,Case_3_A8-28656-29882,Non-Tumor
271,Case_3_A8-34597-15691,Non-Viable-Tumor
272,Case_3_A8-35052-27260,Non-Viable-Tumor
273,Case_3_A8-3678-6946,Non-Viable-Tumor
274,Case_3_A8-38100-23063,Non-Viable-Tumor
275,Case_3_A8-38575-19060,Non-Viable-Tumor
276,Case_3_A8-38576-12372,Non-Viable-Tumor
277,Case_3_A8-40090-34133,Non-Tumor
278,Case_3_A8-40327-2954,Non-Viable-Tumor
279,Case_3_A8-42144-11358,Non-Viable-Tumor
280,Case_3_A8-42275-18820,Non-Viable-Tumor
281,Case_3_A8-6596-2373,Non-Viable-Tumor
282,Case_3_A8-8347-14021,Non-Tumor
283,Case_3_A8-8708-9689,Non-Viable-Tumor
284,Case_3_A8-9677-9114,Non-Viable-Tumor
285,Case_4_C21-11229-17093,Non-Viable-Tumor
286,Case_4_C21-13339-24727,Non-Viable-Tumor
287,Case_4_C21-14246-18799,Non-Viable-Tumor
288,Case_4_C21-17996-22366,Non-Viable-Tumor
289,Case_4_C21-20675-9095,Viable
290,Case_4_C21-22035-24818,Non-Viable-Tumor
291,Case_4_C21-22607-7946,Viable
292,Case_4_C21-23743-36254,Non-Viable-Tumor
293,Case_4_C21-25306-21689,Viable
294,Case_4_C21-25396-25798,Non-Viable-Tumor
295,Case_4_C21-26326-8633,Viable
296,Case_4_C21-27726-37043,Non-Viable-Tumor
297,Case_4_C21-28314-22979,Viable
298,Case_4_C21-29101-18901,Viable
299,Case_4_C21-29849-33988,Non-Viable-Tumor
300,Case_4_C21-30599-31986,Non-Viable-Tumor
301,Case_4_C21-34438-19627,Viable
302,Case_4_C21-34899-31136,Non-Viable-Tumor
303,Case_4_C21-35538-25356,Viable
304,Case_4_C21-37411-12734,Viable
305,Case_4_C21-38458-18002,Viable
306,Case_4_C21-39931-19569,Viable
307,Case_4_C21-40652-23162,Viable
308,Case_4_C21-42043-16377,Viable
309,Case_4_C21-43834-23094,Non-Tumor
310,Case_4_C21-44291-25760,Non-Tumor
311,Case_4_C21-45309-20604,Non-Tumor
312,Case_4_C22-12113-23584,Non-Viable-Tumor
313,Case_4_C22-13293-17406,Non-Viable-Tumor
314,Case_4_C22-14193-24204,Non-Viable-Tumor
315,Case_4_C22-14852-25038,Non-Viable-Tumor
316,Case_4_C22-18690-17829,viable: non-viable
317,Case_4_C22-19399-25392,Non-Viable-Tumor
318,Case_4_C22-19841-14408,viable: non-viable
319,Case_4_C22-20288-31102,viable: non-viable
320,Case_4_C22-20420-19004,Viable
321,Case_4_C22-21902-8062,Viable
322,Case_4_C22-22350-18241,Viable
323,Case_4_C22-25017-13207,Viable
324,Case_4_C22-25541-21407,Viable
325,Case_4_C22-25642-6919,Viable
326,Case_4_C22-26476-28003,Non-Tumor
327,Case_4_C22-29668-36352,Non-Tumor
328,Case_4_C22-29696-31650,Non-Tumor
329,Case_4_C22-30748-20982,Viable
330,Case_4_C22-36438-11846,Viable
331,Case_4_C22-38307-25291,Viable
332,Case_4_C22-39386-26786,Viable
333,Case_4_C22-39913-22780,Viable
334,Case_4_C22-42649-20389,Non-Tumor
335,Case_4_C22-43141-24748,Non-Viable-Tumor
336,Case_4_C22-43370-22832,Non-Tumor
337,Case_4_C22-44617-22886,Non-Tumor
338,Case_4_C22-45017-21723,Non-Tumor
339,Case_4_C24-13844-15938,Non-Viable-Tumor
340,Case_4_C24-16355-22492,Non-Viable-Tumor
341,Case_4_C24-20641-21743,Non-Viable-Tumor
342,Case_4_C24-21495-20987,Viable
343,Case_4_C24-21905-23241,Non-Viable-Tumor
344,Case_4_C24-22210-6774,Non-Tumor
345,Case_4_C24-23753-20581,Viable
346,Case_4_C24-25985-25656,Non-Viable-Tumor
347,Case_4_C24-26202-34731,Non-Viable-Tumor
348,Case_4_C24-26502-13028,Viable
349,Case_4_C24-27750-16066,Viable
350,Case_4_C24-28082-3132,Non-Viable-Tumor
351,Case_4_C24-28865-8586,viable: non-viable
352,Case_4_C24-30007-11532,Viable
353,Case_4_C24-30709-15038,Viable
354,Case_4_C24-30822-32457,Non-Viable-Tumor
355,Case_4_C24-31203-32244,Non-Viable-Tumor
356,Case_4_C24-31951-18510,Viable
357,Case_4_C24-32113-11600,Viable
358,Case_4_C24-32721-26127,Non-Viable-Tumor
359,Case_4_C24-36024-13005,viable: non-viable
360,Case_4_C24-36061-11151,Viable
361,Case_4_C24-37205-16940,Viable
362,Case_4_C24-37783-13734,Viable
363,Case_4_C24-37864-31739,Non-Viable-Tumor
364,Case_4_C24-38186-21797,Viable
365,Case_4_C24-41653-14996,Non-Tumor
366,Case_4_C27-11262-18851,Non-Viable-Tumor
367,Case_4_C27-12292-22142,Non-Viable-Tumor
368,Case_4_C27-12979-14786,Non-Viable-Tumor
369,Case_4_C27-16245-18671,Non-Viable-Tumor
370,Case_4_C27-16512-14137,Viable
371,Case_4_C27-18794-30075,Non-Viable-Tumor
372,Case_4_C27-23395-17702,Viable
373,Case_4_C27-25232-22735,Viable
374,Case_4_C27-26950-6071,viable: non-viable
375,Case_4_C27-26960-35733,viable: non-viable
376,Case_4_C27-27433-14234,Viable
377,Case_4_C27-27896-8735,Non-Viable-Tumor
378,Case_4_C27-28136-19724,Viable
379,Case_4_C27-28549-7066,viable: non-viable
380,Case_4_C27-29294-5191,Non-Tumor
381,Case_4_C27-29439-7838,Viable
382,Case_4_C27-30307-29497,Non-Viable-Tumor
383,Case_4_C27-32061-22260,Viable
384,Case_4_C27-32431-19828,Viable
385,Case_4_C27-33498-10849,viable: non-viable
386,Case_4_C27-34169-23534,Viable
387,Case_4_C27-36865-22443,viable: non-viable
388,Case_4_C27-37395-26388,Viable
389,Case_4_C27-37440-28310,Viable
390,Case_4_C27-37658-29791,Non-Viable-Tumor
391,Case_4_C27-40436-21740,Non-Viable-Tumor
392,Case_4_C27-42354-19379,Viable
393,Case_4_C27-45200-21938,Non-Tumor
394,Case_4_C27-45262-20988,Non-Tumor
395,Case_4_C28-10217-20283,Non-Viable-Tumor
396,Case_4_C28-13005-20274,Non-Viable-Tumor
397,Case_4_C28-17086-17351,viable: non-viable
398,Case_4_C28-17394-10525,Viable
399,Case_4_C28-17483-12238,Viable
400,Case_4_C28-19739-14492,viable: non-viable
401,Case_4_C28-22588-34168,Non-Viable-Tumor
402,Case_4_C28-25473-14283,Viable
403,Case_4_C28-26851-15411,Viable
404,Case_4_C28-27016-13463,Viable
405,Case_4_C28-27602-26398,Non-Viable-Tumor
406,Case_4_C28-28569-15469,Viable
407,Case_4_C28-30588-18732,Viable
408,Case_4_C28-30914-19280,Viable
409,Case_4_C28-31042-23166,Non-Tumor
410,Case_4_C28-33944-22211,Non-Tumor
411,Case_4_C28-34272-29721,Non-Viable-Tumor
412,Case_4_C28-35755-28991,Non-Viable-Tumor
413,Case_4_C28-36010-11166,Viable
414,Case_4_C28-36370-18227,Viable
415,Case_4_C28-39382-19351,viable: non-viable
416,Case_4_C28-39674-17239,Viable
417,Case_4_C28-39877-24842,Viable
418,Case_4_C28-41530-23152,viable: non-viable
419,Case_4_C28-41935-19673,Viable
420,Case_4_C28-42525-25070,Non-Viable-Tumor
421,Case_4_C28-42724-16956,Non-Tumor
422,Case_4_C29-13332-20182,Non-Viable-Tumor
423,Case_4_C29-14846-11791,Viable
424,Case_4_C29-15182-28434,Non-Viable-Tumor
425,Case_4_C29-15569-11401,Viable
426,Case_4_C29-15887-24394,Non-Viable-Tumor
427,Case_4_C29-16530-30634,Non-Viable-Tumor
428,Case_4_C29-16874-21863,Non-Viable-Tumor
429,Case_4_C29-17972-31834,Non-Viable-Tumor
430,Case_4_C29-18029-22098,Non-Viable-Tumor
431,Case_4_C29-20994-22152,viable: non-viable
432,Case_4_C29-22107-10482,Viable
433,Case_4_C29-22504-33746,Non-Viable-Tumor
434,Case_4_C29-23938-15097,Viable
435,Case_4_C29-24903-19562,Viable
436,Case_4_C29-26385-28225,Non-Viable-Tumor
437,Case_4_C29-26451-27935,Non-Viable-Tumor
438,Case_4_C29-26629-4434,Non-Viable-Tumor
439,Case_4_C29-27987-31224,Non-Viable-Tumor
440,Case_4_C29-29639-16570,Viable
441,Case_4_C29-30319-13766,Viable
442,Case_4_C29-30502-34418,Non-Viable-Tumor
443,Case_4_C29-31054-35813,Non-Viable-Tumor
444,Case_4_C29-31369-33022,Non-Viable-Tumor
445,Case_4_C29-31670-19505,Viable
446,Case_4_C29-33826-27241,Non-Viable-Tumor
447,Case_4_C29-35879-13825,viable: non-viable
448,Case_4_C29-40078-13241,Non-Tumor
449,Case_4_C31-10015-17952,Non-Viable-Tumor
450,Case_4_C31-11369-15049,Non-Viable-Tumor
451,Case_4_C31-12983-18446,Non-Viable-Tumor
452,Case_4_C31-13026-17709,Non-Viable-Tumor
453,Case_4_C31-16379-15830,Viable
454,Case_4_C31-17180-22686,Non-Viable-Tumor
455,Case_4_C31-17846-20505,Non-Tumor
456,Case_4_C31-19720-30902,Non-Viable-Tumor
457,Case_4_C31-19780-23823,Non-Viable-Tumor
458,Case_4_C31-20022-32809,Non-Viable-Tumor
459,Case_4_C31-22851-36922,Non-Viable-Tumor
460,Case_4_C31-23051-12507,Viable
461,Case_4_C31-24654-15629,Viable
462,Case_4_C31-24669-10300,Viable
463,Case_4_C31-25176-8074,Viable
464,Case_4_C31-25781-32079,Non-Viable-Tumor
465,Case_4_C31-27678-14221,Viable
466,Case_4_C31-28807-3942,Non-Viable-Tumor
467,Case_4_C31-30577-21392,Viable
468,Case_4_C31-31978-13119,viable: non-viable
469,Case_4_C31-32205-12759,viable: non-viable
470,Case_4_C31-32902-21086,Viable
471,Case_4_C31-33075-15855,viable: non-viable
472,Case_4_C31-35324-16735,Viable
473,Case_4_C31-35929-17743,Viable
474,Case_4_C31-36283-29598,Non-Viable-Tumor
475,Case_4_C31-37390-31078,Non-Viable-Tumor
476,Case_4_C31-41557-17880,Viable
477,Case_4_C31-42832-24046,viable: non-viable
478,Case_4_C34-17385-28312,Non-Viable-Tumor
479,Case_4_C34-17486-25030,Non-Viable-Tumor
480,Case_4_C34-20207-16060,viable: non-viable
481,Case_4_C34-21897-31957,Non-Viable-Tumor
482,Case_4_C34-22699-32728,Non-Viable-Tumor
483,Case_4_C34-23917-10671,Viable
484,Case_4_C34-23929-34222,Non-Viable-Tumor
485,Case_4_C34-24821-20023,Viable
486,Case_4_C34-25269-6322,Viable
487,Case_4_C34-25397-27112,Non-Viable-Tumor
488,Case_4_C34-26259-33892,Non-Viable-Tumor
489,Case_4_C34-27849-28579,Non-Viable-Tumor
490,Case_4_C34-28490-3882,Non-Viable-Tumor
491,Case_4_C34-28567-20375,Viable
492,Case_4_C34-29374-30806,Non-Viable-Tumor
493,Case_4_C34-30175-9259,Viable
494,Case_4_C34-31245-35957,Non-Viable-Tumor
495,Case_4_C34-31582-34370,Non-Viable-Tumor
496,Case_4_C34-33534-16910,Viable
497,Case_4_C34-34338-25165,viable: non-viable
498,Case_4_C34-34486-29517,Non-Viable-Tumor
499,Case_4_C34-37729-30592,Non-Viable-Tumor
500,Case_4_C34-38608-21388,Viable
501,Case_4_C34-40371-21884,Non-Viable-Tumor
502,Case_4_C34-41931-27880,Non-Viable-Tumor
503,Case_4_C34-42840-21049,Non-Tumor
504,Case_4_C34-43977-24577,Non-Tumor
505,Case_4_C34-44491-21355,Non-Tumor
506,Case_4_C34-9715-14945,Non-Viable-Tumor
507,Case_4_C48-10054-9391,Non-Tumor
508,Case_4_C48-11401-19048,Non-Tumor
509,Case_4_C48-11503-15470,Non-Tumor
510,Case_4_C48-11965-6215,Non-Tumor
511,Case_4_C48-12897-21186,Non-Tumor
512,Case_4_C48-13345-34577,Non-Tumor
513,Case_4_C48-13927-22247,Non-Tumor
514,Case_4_C48-15768-33767,Non-Tumor
515,Case_4_C48-16689-23057,Non-Tumor
516,Case_4_C48-16969-13515,Non-Tumor
517,Case_4_C48-18049-17102,Non-Tumor
518,Case_4_C48-18251-9611,Non-Tumor
519,Case_4_C48-20603-33127,Non-Tumor
520,Case_4_C48-22668-21127,Non-Tumor
521,Case_4_C48-24306-19063,Non-Tumor
522,Case_4_C48-25702-19790,Non-Tumor
523,Case_4_C48-25796-23436,Non-Tumor
524,Case_4_C48-30653-11701,Non-Tumor
525,Case_4_C48-31199-23583,Non-Tumor
526,Case_4_C48-33197-21550,Non-Tumor
527,Case_4_C48-5806-29232,Non-Tumor
528,Case_4_C48-6884-30966,Non-Tumor
529,Case_4_C48-7455-17146,Non-Tumor
530,Case_4_C48-8509-22908,Non-Tumor
531,Case_4_C48-8852-15092,Non-Tumor
532,Case_4_C48-9825-35299,Non-Tumor
533,Case_4_C48-9864-11549,Non-Tumor
534,Case_4_C52-11233-29470,Non-Tumor
535,Case_4_C52-13339-30012,Non-Tumor
536,Case_4_C52-14134-24972,Non-Tumor
537,Case_4_C52-15553-8379,Non-Tumor
538,Case_4_C52-15705-16485,Non-Tumor
539,Case_4_C52-18944-30575,Non-Tumor
540,Case_4_C52-19923-24025,Non-Tumor
541,Case_4_C52-20522-23796,Non-Tumor
542,Case_4_C52-20801-18450,Non-Tumor
543,Case_4_C52-21343-29072,Non-Tumor
544,Case_4_C52-21604-27567,Non-Tumor
545,Case_4_C52-25156-26369,Non-Tumor
546,Case_4_C52-25833-10809,Non-Tumor
547,Case_4_C52-26347-9834,Non-Tumor
548,Case_4_C52-26738-16962,Non-Tumor
549,Case_4_C52-29179-7955,Non-Tumor
550,Case_4_C52-29621-7946,Non-Tumor
551,Case_4_C52-29962-9726,Non-Tumor
552,Case_4_C52-3074-22909,Non-Tumor
553,Case_4_C52-31860-26250,Non-Tumor
554,Case_4_C52-32157-20231,Non-Tumor
555,Case_4_C52-35139-22514,Non-Tumor
556,Case_4_C52-5072-27768,Non-Tumor
557,Case_4_C52-6011-11096,Non-Tumor
558,Case_4_C52-7119-24770,Non-Tumor
559,Case_4_C52-8069-17662,Non-Tumor
560,Case_4_C52-9122-11470,Non-Tumor
561,Case_4_C52-9452-34640,Non-Tumor
562,Case_48_-_P5_C13-24121-14200,Non-Viable-Tumor
563,Case_48_-_P5_C13-25055-3867,viable: non-viable
564,Case_48_-_P5_C13-28480-4550,Viable
565,Case_48_-_P5_C13-30344-16782,Non-Tumor
566,Case_48_-_P5_C13-31534-14115,viable: non-viable
567,Case_48_-_P5_C13-31558-32206,Non-Tumor
568,Case_48_-_P5_C13-32186-28705,Non-Tumor
569,Case_48_-_P5_C13-33156-9373,Viable
570,Case_48_-_P5_C13-33179-15118,viable: non-viable
571,Case_48_-_P5_C13-33285-9932,viable: non-viable
572,Case_48_-_P5_C13-33772-6042,viable: non-viable
573,Case_48_-_P5_C13-34777-26855,Non-Tumor
574,Case_48_-_P5_C13-35186-4450,Viable
575,Case_48_-_P5_C13-35786-2519,Viable
576,Case_48_-_P5_C13-36274-5595,Viable
577,Case_48_-_P5_C13-36431-2977,Viable
578,Case_48_-_P5_C13-40217-4387,Viable
579,Case_48_-_P5_C13-41185-25631,Non-Tumor
580,Case_48_-_P5_C13-42156-28960,Non-Tumor
581,Case_48_-_P5_C13-42974-19458,Non-Tumor
582,Case_48_-_P5_C13-43922-21112,Non-Tumor
583,Case_48_-_P5_C13-45972-4022,Viable
584,Case_48_-_P5_C13-46592-17295,Non-Viable-Tumor
585,Case_48_-_P5_C13-47517-9280,Viable
586,Case_48_-_P5_C13-47829-6226,Viable
587,Case_48_-_P5_C13-48617-38748,viable: non-viable
588,Case_48_-_P5_C13-56220-35584,Non-Tumor
589,Case_48_-_P5_C13-64007-12122,Viable
590,Case_48_-_P5_C14-24924-23750,Non-Tumor
591,Case_48_-_P5_C14-28814-14922,viable: non-viable
592,Case_48_-_P5_C14-29041-7944,Viable
593,Case_48_-_P5_C14-30314-23881,Non-Tumor
594,Case_48_-_P5_C14-32278-10661,Viable
595,Case_48_-_P5_C14-34550-19673,Non-Tumor
596,Case_48_-_P5_C14-34559-25361,Non-Tumor
597,Case_48_-_P5_C14-34681-15663,Non-Tumor
598,Case_48_-_P5_C14-35746-11580,viable: non-viable
599,Case_48_-_P5_C14-37397-27331,Non-Tumor
600,Case_48_-_P5_C14-39001-28941,Non-Tumor
601,Case_48_-_P5_C14-39467-6941,Viable
602,Case_48_-_P5_C14-41089-9651,Viable
603,Case_48_-_P5_C14-41747-26404,Non-Tumor
604,Case_48_-_P5_C14-42219-24715,Non-Tumor
605,Case_48_-_P5_C14-44612-17510,Non-Tumor
606,Case_48_-_P5_C14-44941-18452,Viable
607,Case_48_-_P5_C14-50416-27346,Viable
608,Case_48_-_P5_C14-50604-21283,Viable
609,Case_48_-_P5_C14-52144-3660,Viable
610,Case_48_-_P5_C14-54171-23668,Viable
611,Case_48_-_P5_C14-54203-39127,Non-Tumor
612,Case_48_-_P5_C14-55921-40389,Non-Tumor
613,Case_48_-_P5_C14-56563-30345,Viable
614,Case_48_-_P5_C14-59148-13815,Viable
615,Case_48_-_P5_C14-59834-18325,Viable
616,Case_48_-_P5_C14-65736-13805,Viable
617,Case_48_-_P5_C14-67137-24045,Viable
618,Case_48_-_P5_C15-13694-12591,Viable
619,Case_48_-_P5_C15-14907-22432,Non-Tumor
620,Case_48_-_P5_C15-15457-16306,Viable
621,Case_48_-_P5_C15-16934-23981,Non-Tumor
622,Case_48_-_P5_C15-17885-28625,Non-Tumor
623,Case_48_-_P5_C15-18011-21615,Viable
624,Case_48_-_P5_C15-23409-12305,Viable
625,Case_48_-_P5_C15-25805-11251,Viable
626,Case_48_-_P5_C15-29362-17739,viable: non-viable
627,Case_48_-_P5_C15-32744-24648,viable: non-viable
628,Case_48_-_P5_C15-33547-25747,viable: non-viable
629,Case_48_-_P5_C15-36071-7035,viable: non-viable
630,Case_48_-_P5_C15-36624-27407,Viable
631,Case_48_-_P5_C15-37073-10134,Viable
632,Case_48_-_P5_C15-37609-3244,Viable
633,Case_48_-_P5_C15-38051-19362,Viable
634,Case_48_-_P5_C15-38668-29527,Non-Tumor
635,Case_48_-_P5_C15-38858-22308,Viable
636,Case_48_-_P5_C15-40502-3547,Viable
637,Case_48_-_P5_C15-41629-16134,Viable
638,Case_48_-_P5_C15-42605-29137,Non-Tumor
639,Case_48_-_P5_C15-42793-18458,Viable
640,Case_48_-_P5_C15-45773-17581,Viable
641,Case_48_-_P5_C15-48711-15150,Viable
642,Case_48_-_P5_C15-48775-26545,Viable
643,Case_48_-_P5_C15-48808-15798,Viable
644,Case_48_-_P5_C15-49012-23798,Viable
645,Case_48_-_P5_C15-7821-18054,Non-Tumor
646,Case_48_-_P5_C15-8356-11851,Non-Tumor
647,Case_48_-_P5_C15-9871-11637,Viable
648,Case_48_-_P5_C16-12239-11981,Viable
649,Case_48_-_P5_C16-14238-13009,Viable
650,Case_48_-_P5_C16-14955-12886,Viable
651,Case_48_-_P5_C16-15926-10929,Viable
652,Case_48_-_P5_C16-16775-22744,Non-Tumor
653,Case_48_-_P5_C16-20627-20759,Viable
654,Case_48_-_P5_C16-22496-8538,Viable
655,Case_48_-_P5_C16-25369-21517,Viable
656,Case_48_-_P5_C16-26938-16149,Viable
657,Case_48_-_P5_C16-29805-9678,Viable
658,Case_48_-_P5_C16-31710-28486,Non-Tumor
659,Case_48_-_P5_C16-36447-8166,viable: non-viable
660,Case_48_-_P5_C16-37581-7845,viable: non-viable
661,Case_48_-_P5_C16-38254-8571,viable: non-viable
662,Case_48_-_P5_C16-39161-16929,Viable
663,Case_48_-_P5_C16-39748-2743,Viable
664,Case_48_-_P5_C16-42343-20669,Viable
665,Case_48_-_P5_C16-43159-11972,Viable
666,Case_48_-_P5_C16-44299-6790,Non-Tumor
667,Case_48_-_P5_C16-44867-23581,Viable
668,Case_48_-_P5_C16-46142-13796,Viable
669,Case_48_-_P5_C16-47760-19513,Viable
670,Case_48_-_P5_C16-50052-16053,Viable
671,Case_48_-_P5_C16-50396-24840,Viable
672,Case_48_-_P5_C16-50924-16162,Viable
673,Case_48_-_P5_C16-52243-22493,Viable
674,Case_48_-_P5_C16-53844-23083,Viable
675,Case_48_-_P5_C16-5406-13863,Non-Tumor
676,Case_48_-_P5_C16-54563-21138,Viable
677,Case_48_-_P5_C17-19137-20611,Viable
678,Case_48_-_P5_C17-26817-18603,Viable
679,Case_48_-_P5_C17-27681-16299,Viable
680,Case_48_-_P5_C17-29452-16131,Viable
681,Case_48_-_P5_C17-29896-20575,viable: non-viable
682,Case_48_-_P5_C17-30525-29681,Non-Tumor
683,Case_48_-_P5_C17-34283-5396,Viable
684,Case_48_-_P5_C17-35726-14827,viable: non-viable
685,Case_48_-_P5_C17-36719-14729,Viable
686,Case_48_-_P5_C17-36804-20443,Viable
687,Case_48_-_P5_C17-36927-11108,viable: non-viable
688,Case_48_-_P5_C17-37516-18051,Viable
689,Case_48_-_P5_C17-37699-30210,Non-Tumor
690,Case_48_-_P5_C17-37966-9580,viable: non-viable
691,Case_48_-_P5_C17-37994-3037,Viable
692,Case_48_-_P5_C17-40131-29101,Non-Tumor
693,Case_48_-_P5_C17-40867-15033,Viable
694,Case_48_-_P5_C17-41411-21807,Viable
695,Case_48_-_P5_C17-41961-10093,Viable
696,Case_48_-_P5_C17-42670-17152,Viable
697,Case_48_-_P5_C17-43432-26216,Viable
698,Case_48_-_P5_C17-44027-22381,Viable
699,Case_48_-_P5_C17-45932-5812,Viable
700,Case_48_-_P5_C17-46317-15755,Viable
701,Case_48_-_P5_C17-47230-17655,Viable
702,Case_48_-_P5_C17-47640-27910,Non-Tumor
703,Case_48_-_P5_C17-50335-6425,Viable
704,Case_48_-_P5_C17-50358-11013,Viable
705,Case_48_-_P5_C17-51854-21097,Viable
706,Case_48_-_P5_C17-7752-15521,Non-Tumor
707,Case_48_-_P5_C18-15219-24510,Non-Tumor
708,Case_48_-_P5_C18-15651-15050,Viable
709,Case_48_-_P5_C18-17610-25605,Non-Tumor
710,Case_48_-_P5_C18-19933-18958,Viable
711,Case_48_-_P5_C18-20516-10701,Viable
712,Case_48_-_P5_C18-22374-30391,Non-Tumor
713,Case_48_-_P5_C18-23684-14239,viable: non-viable
714,Case_48_-_P5_C18-23858-23029,viable: non-viable
715,Case_48_-_P5_C18-24383-21699,Viable
716,Case_48_-_P5_C18-28794-15036,viable: non-viable
717,Case_48_-_P5_C18-29043-24256,Viable
718,Case_48_-_P5_C18-29063-22986,Viable
719,Case_48_-_P5_C18-30468-34044,Non-Tumor
720,Case_48_-_P5_C18-32596-23573,Viable
721,Case_48_-_P5_C18-32717-16452,Viable
722,Case_48_-_P5_C18-33022-7038,Viable
723,Case_48_-_P5_C18-33916-33907,Non-Tumor
724,Case_48_-_P5_C18-36407-15875,Viable
725,Case_48_-_P5_C18-37200-16213,Viable
726,Case_48_-_P5_C18-37612-15623,Viable
727,Case_48_-_P5_C18-40902-9870,Viable
728,Case_48_-_P5_C18-42373-6994,Viable
729,Case_48_-_P5_C18-42513-34016,Non-Tumor
730,Case_48_-_P5_C18-43324-24367,Viable
731,Case_48_-_P5_C18-46136-24608,Viable
732,Case_48_-_P5_C18-47653-31606,Viable
733,Case_48_-_P5_C18-51237-22363,Viable
734,Case_48_-_P5_C18-51418-18002,Viable
735,Case_48_-_P5_C18-9652-19230,Non-Tumor
736,Case_48_-_P5_C19-11220-21709,Non-Tumor
737,Case_48_-_P5_C19-13067-24621,Non-Tumor
738,Case_48_-_P5_C19-14308-25500,Non-Tumor
739,Case_48_-_P5_C19-14441-14866,Viable
740,Case_48_-_P5_C19-15367-19854,Viable
741,Case_48_-_P5_C19-19015-27466,Non-Tumor
742,Case_48_-_P5_C19-26094-27297,Non-Tumor
743,Case_48_-_P5_C19-26506-10723,Viable
744,Case_48_-_P5_C19-26657-32338,Non-Tumor
745,Case_48_-_P5_C19-26719-18659,Viable
746,Case_48_-_P5_C19-27056-17848,Viable
747,Case_48_-_P5_C19-27826-27316,Non-Tumor
748,Case_48_-_P5_C19-28560-27834,Non-Tumor
749,Case_48_-_P5_C19-28887-22427,Viable
750,Case_48_-_P5_C19-30501-31832,Non-Tumor
751,Case_48_-_P5_C19-30892-14643,Viable
752,Case_48_-_P5_C19-31003-6587,Viable
753,Case_48_-_P5_C19-31868-8754,Viable
754,Case_48_-_P5_C19-36599-9672,Viable
755,Case_48_-_P5_C19-36772-18960,Viable
756,Case_48_-_P5_C19-37421-11802,Viable
757,Case_48_-_P5_C19-40049-22382,Viable
758,Case_48_-_P5_C19-40702-20386,Viable
759,Case_48_-_P5_C19-41884-18067,Viable
760,Case_48_-_P5_C19-43378-18456,Viable
761,Case_48_-_P5_C19-43954-23941,Viable
762,Case_48_-_P5_C19-47082-29959,Non-Tumor
763,Case_48_-_P5_C19-48632-11190,Viable
764,Case_48_-_P5_C19-51505-17925,Viable
765,Case_48_-_P5_C19-51520-22044,Viable
766,Case_48_-_P5_C19-53087-27856,Non-Tumor
767,Case_48_-_P5_C20-11443-19302,Non-Tumor
768,Case_48_-_P5_C20-12605-20018,Non-Tumor
769,Case_48_-_P5_C20-15162-19423,Viable
770,Case_48_-_P5_C20-20964-23796,Viable
771,Case_48_-_P5_C20-23452-15492,Viable
772,Case_48_-_P5_C20-23915-20256,Viable
773,Case_48_-_P5_C20-28430-29841,Non-Tumor
774,Case_48_-_P5_C20-30894-20232,viable: non-viable
775,Case_48_-_P5_C20-32019-11742,viable: non-viable
776,Case_48_-_P5_C20-33672-6381,Viable
777,Case_48_-_P5_C20-34597-27525,Viable
778,Case_48_-_P5_C20-36537-9437,Viable
779,Case_48_-_P5_C20-37287-24574,Viable
780,Case_48_-_P5_C20-39704-11268,Viable
781,Case_48_-_P5_C20-44108-28521,Non-Tumor
782,Case_48_-_P5_C20-45622-14695,Viable
783,Case_48_-_P5_C20-46837-16405,Viable
784,Case_48_-_P5_C20-47763-12780,Viable
785,Case_48_-_P5_C20-51201-13842,Viable
786,Case_48_-_P5_C20-51615-14123,Viable
787,Case_48_-_P5_C20-52344-15596,Viable
788,Case_48_-_P5_C20-52983-12499,Viable
789,Case_48_-_P5_C20-53379-18032,Viable
790,Case_48_-_P5_C20-54244-17885,Viable
791,Case_48_-_P5_C20-7234-13196,Non-Tumor
792,Case_48_-_P5_C20-7949-14990,Non-Tumor
793,Case_48_-_P5_C20-8427-20401,Non-Tumor
794,Case_48_-_P5_C20-8674-13881,Viable
795,Case_48_-_P5_C20-9712-22991,Non-Tumor
796,Case_48_-_P5_C21-10548-16103,Viable
797,Case_48_-_P5_C21-12077-14707,Viable
798,Case_48_-_P5_C21-16402-14274,Viable
799,Case_48_-_P5_C21-17366-10237,Viable
800,Case_48_-_P5_C21-19402-23915,Non-Tumor
801,Case_48_-_P5_C21-19527-27711,Non-Tumor
802,Case_48_-_P5_C21-22691-12407,Viable
803,Case_48_-_P5_C21-23229-19992,Viable
804,Case_48_-_P5_C21-25947-25506,Viable
805,Case_48_-_P5_C21-28107-32141,Non-Tumor
806,Case_48_-_P5_C21-28225-10553,viable: non-viable
807,Case_48_-_P5_C21-35299-19753,Viable
808,Case_48_-_P5_C21-35903-16346,Viable
809,Case_48_-_P5_C21-36006-23109,Viable
810,Case_48_-_P5_C21-38065-16064,Viable
811,Case_48_-_P5_C21-40591-33043,Non-Tumor
812,Case_48_-_P5_C21-40791-19023,Viable
813,Case_48_-_P5_C21-41788-27797,Viable
814,Case_48_-_P5_C21-43325-2248,Viable
815,Case_48_-_P5_C21-45322-31087,Non-Tumor
816,Case_48_-_P5_C21-45348-15985,Viable
817,Case_48_-_P5_C21-45909-8019,Viable
818,Case_48_-_P5_C21-46100-29884,Non-Tumor
819,Case_48_-_P5_C21-46692-23838,Viable
820,Case_48_-_P5_C21-48446-3802,Viable
821,Case_48_-_P5_C21-50643-22090,Viable
822,Case_48_-_P5_C21-51030-28827,Non-Tumor
823,Case_48_-_P5_C21-52961-18393,Viable
824,Case_48_-_P5_C21-8898-15670,Non-Tumor
825,Case_48_-_P5_C22-10542-19412,Non-Tumor
826,Case_48_-_P5_C22-13977-20055,Non-Tumor
827,Case_48_-_P5_C22-14392-22302,Non-Tumor
828,Case_48_-_P5_C22-14726-13837,Viable
829,Case_48_-_P5_C22-17464-9867,Viable
830,Case_48_-_P5_C22-21419-13624,viable: non-viable
831,Case_48_-_P5_C22-25507-14943,Viable
832,Case_48_-_P5_C22-26068-19668,Viable
833,Case_48_-_P5_C22-29420-12082,viable: non-viable
834,Case_48_-_P5_C22-29810-28152,Non-Tumor
835,Case_48_-_P5_C22-33153-19473,Viable
836,Case_48_-_P5_C22-33543-8004,Viable
837,Case_48_-_P5_C22-33640-5373,Viable
838,Case_48_-_P5_C22-34058-4542,Viable
839,Case_48_-_P5_C22-35024-20347,viable: non-viable
840,Case_48_-_P5_C22-41496-16304,Viable
841,Case_48_-_P5_C22-45202-17053,Viable
842,Case_48_-_P5_C22-45260-4742,Viable
843,Case_48_-_P5_C22-45517-9307,Viable
844,Case_48_-_P5_C22-45776-7378,Viable
845,Case_48_-_P5_C22-45824-16584,Viable
846,Case_48_-_P5_C22-46134-22320,Viable
847,Case_48_-_P5_C22-46689-25261,Viable
848,Case_48_-_P5_C22-47843-3919,Viable
849,Case_48_-_P5_C22-4801-12473,Non-Tumor
850,Case_48_-_P5_C22-48383-3948,Viable
851,Case_48_-_P5_C22-50594-23644,Non-Tumor
852,Case_48_-_P5_C22-51881-12030,Viable
853,Case_48_-_P5_C23-10747-20258,Non-Tumor
854,Case_48_-_P5_C23-13674-18318,Non-Tumor
855,Case_48_-_P5_C23-15409-20333,Viable
856,Case_48_-_P5_C23-18472-17481,Viable
857,Case_48_-_P5_C23-19579-22034,Viable
858,Case_48_-_P5_C23-23240-21386,Viable
859,Case_48_-_P5_C23-27501-16553,Viable
860,Case_48_-_P5_C23-28780-10637,Viable
861,Case_48_-_P5_C23-29641-13214,Viable
862,Case_48_-_P5_C23-29743-6511,Viable
863,Case_48_-_P5_C23-30981-19966,viable: non-viable
864,Case_48_-_P5_C23-32821-29229,Non-Tumor
865,Case_48_-_P5_C23-33786-5204,Viable
866,Case_48_-_P5_C23-34632-9865,viable: non-viable
867,Case_48_-_P5_C23-34741-19829,Viable
868,Case_48_-_P5_C23-36139-19852,Viable
869,Case_48_-_P5_C23-36214-9904,Viable
870,Case_48_-_P5_C23-37489-18137,Viable
871,Case_48_-_P5_C23-37654-23879,Viable
872,Case_48_-_P5_C23-40661-11039,Non-Tumor
873,Case_48_-_P5_C23-45260-15418,Viable
874,Case_48_-_P5_C23-46530-30085,Non-Tumor
875,Case_48_-_P5_C23-46857-10945,Non-Tumor
876,Case_48_-_P5_C23-47339-30578,Non-Tumor
877,Case_48_-_P5_C23-47543-18036,Viable
878,Case_48_-_P5_C23-49586-9920,Viable
879,Case_48_-_P5_C23-54011-19464,Viable
880,Case_48_-_P5_C24-12193-15641,Non-Tumor
881,Case_48_-_P5_C24-15473-17927,Non-Tumor
882,Case_48_-_P5_C24-17000-3955,Non-Tumor
883,Case_48_-_P5_C24-21560-34143,Non-Tumor
884,Case_48_-_P5_C24-21763-16611,Non-Tumor
885,Case_48_-_P5_C24-21815-17299,Non-Tumor
886,Case_48_-_P5_C24-24437-18106,Non-Tumor
887,Case_48_-_P5_C24-26818-12582,Non-Tumor
888,Case_48_-_P5_C24-27048-31771,Non-Tumor
889,Case_48_-_P5_C24-27657-16224,Non-Tumor
890,Case_48_-_P5_C24-29276-10680,Non-Tumor
891,Case_48_-_P5_C24-30259-11826,Non-Tumor
892,Case_48_-_P5_C24-37333-35425,Non-Tumor
893,Case_48_-_P5_C24-38091-32786,Non-Tumor
894,Case_48_-_P5_C24-39421-35791,Non-Tumor
895,Case_48_-_P5_C24-39614-21477,Non-Tumor
896,Case_48_-_P5_C24-40142-14331,Non-Tumor
897,Case_48_-_P5_C24-44425-22814,Non-Tumor
898,Case_48_-_P5_C24-45358-16505,Non-Tumor
899,Case_48_-_P5_C24-5204-12840,Non-Tumor
900,Case_48_-_P5_C24-5972-23007,Non-Tumor
901,Case_48_-_P5_C24-7958-14175,Non-Tumor
902,Case_48_-_P5_C24-8126-17022,Non-Tumor
903,Case_48_-_P5_C24-9713-21393,Non-Tumor
904,Case_48_-_P5_C25-12809-12456,Non-Tumor
905,Case_48_-_P5_C25-12843-22806,Non-Tumor
906,Case_48_-_P5_C25-14114-21655,Non-Tumor
907,Case_48_-_P5_C25-17864-19558,Non-Tumor
908,Case_48_-_P5_C25-18486-7532,Non-Tumor
909,Case_48_-_P5_C25-20304-11543,Non-Tumor
910,Case_48_-_P5_C25-20418-21432,Non-Tumor
911,Case_48_-_P5_C25-20536-9499,Non-Tumor
912,Case_48_-_P5_C25-26246-2368,Non-Tumor
913,Case_48_-_P5_C25-26937-1708,Non-Tumor
914,Case_48_-_P5_C25-29486-14939,Non-Tumor
915,Case_48_-_P5_C25-29797-38536,Non-Tumor
916,Case_48_-_P5_C25-30163-25906,Non-Tumor
917,Case_48_-_P5_C25-31139-13405,Non-Tumor
918,Case_48_-_P5_C25-31766-30946,Non-Tumor
919,Case_48_-_P5_C25-32201-30326,Non-Tumor
920,Case_48_-_P5_C25-32661-30441,Non-Tumor
921,Case_48_-_P5_C25-35044-30800,Non-Tumor
922,Case_48_-_P5_C25-35701-21325,Non-Tumor
923,Case_48_-_P5_C25-37421-34911,Non-Tumor
924,Case_48_-_P5_C25-37498-35824,Non-Tumor
925,Case_48_-_P5_C25-39181-21965,Non-Tumor
926,Case_48_-_P5_C25-41901-28675,Non-Tumor
927,Case_48_-_P5_C25-44980-18952,Non-Tumor
928,Case_48_-_P5_C25-51442-22185,Non-Tumor
929,Case_48_-_P5_C25-5819-20106,Non-Tumor
930,Case_48_-_P5_C25-7779-23788,Non-Tumor
931,Case_48_-_P5_C25-8387-24405,Non-Tumor
932,P9_B11-10159-22267,Non-Tumor
933,P9_B11-10954-27548,Non-Tumor
934,P9_B11-11002-19483,Non-Tumor
935,P9_B11-14643-10873,Non-Tumor
936,P9_B11-16073-4565,Non-Tumor
937,P9_B11-16083-27658,Non-Tumor
938,P9_B11-16430-12424,Non-Tumor
939,P9_B11-16749-7610,Non-Tumor
940,P9_B11-16810-24014,Non-Tumor
941,P9_B11-18148-24277,Non-Tumor
942,P9_B11-19719-21996,Non-Tumor
943,P9_B11-20225-12843,Non-Tumor
944,P9_B11-21061-24042,Non-Tumor
945,P9_B11-21394-5645,Non-Tumor
946,P9_B11-25615-35242,Non-Tumor
947,P9_B11-26303-28482,Non-Tumor
948,P9_B11-26308-7596,Non-Tumor
949,P9_B11-26343-18701,Non-Tumor
950,P9_B11-26402-13634,Non-Tumor
951,P9_B11-29902-13822,Non-Tumor
952,P9_B11-30287-7531,Non-Tumor
953,P9_B11-34379-16878,Non-Tumor
954,P9_B11-35165-17386,Non-Tumor
955,P9_B11-35942-19663,Non-Tumor
956,P9_B11-5522-26247,Non-Tumor
957,P9_B11-6871-31252,Non-Tumor
958,P9_B12-10654-27260,Non-Tumor
959,P9_B12-10806-33872,Non-Tumor
960,P9_B12-13935-21508,Non-Tumor
961,P9_B12-14125-15905,Non-Tumor
962,P9_B12-1528-19097,Non-Tumor
963,P9_B12-15791-34183,Non-Tumor
964,P9_B12-16016-24828,Non-Tumor
965,P9_B12-16205-18441,Non-Tumor
966,P9_B12-16776-15675,Non-Tumor
967,P9_B12-16864-22190,Non-Tumor
968,P9_B12-17951-15665,Non-Tumor
969,P9_B12-18729-28478,Non-Tumor
970,P9_B12-21385-26109,Non-Tumor
971,P9_B12-22760-3440,Non-Tumor
972,P9_B12-22944-25112,Non-Tumor
973,P9_B12-23055-29024,Non-Tumor
974,P9_B12-23537-5923,Non-Tumor
975,P9_B12-25916-5462,Non-Tumor
976,P9_B12-27373-27674,Non-Tumor
977,P9_B12-29086-24068,Non-Tumor
978,P9_B12-29972-10692,Non-Tumor
979,P9_B12-30756-25977,Non-Tumor
980,P9_B12-30770-23009,Non-Tumor
981,P9_B12-31177-18166,Non-Tumor
982,P9_B12-33745-16087,Non-Tumor
983,P9_B12-3695-15824,Non-Tumor
984,P9_B12-7286-14751,Non-Tumor
985,P9_B12-7917-18432,Non-Tumor
986,P9_B27-12460-16377,Non-Tumor
987,P9_B27-14462-34695,Non-Tumor
988,P9_B27-16009-8612,Non-Tumor
989,P9_B27-17480-8356,Non-Tumor
990,P9_B27-19851-11325,Non-Tumor
991,P9_B27-19974-33573,Non-Tumor
992,P9_B27-20395-30971,Non-Tumor
993,P9_B27-20913-9107,Non-Tumor
994,P9_B27-21147-30384,Non-Tumor
995,P9_B27-22893-27985,Non-Tumor
996,P9_B27-23402-16368,Non-Tumor
997,P9_B27-24181-31257,Non-Tumor
998,P9_B27-24733-4169,Non-Tumor
999,P9_B27-25164-29040,Non-Tumor
1000,P9_B27-25739-23378,Non-Tumor
1001,P9_B27-26731-20410,Non-Tumor
1002,P9_B27-26824-12635,Non-Tumor
1003,P9_B27-29220-27404,Non-Tumor
1004,P9_B27-3237-19787,Non-Tumor
1005,P9_B27-32593-22757,Non-Tumor
1006,P9_B27-32861-24034,Non-Tumor
1007,P9_B27-33859-19909,Non-Tumor
1008,P9_B27-4044-15408,Non-Tumor
1009,P9_B27-7490-21036,Non-Tumor
1010,P9_B27-7514-15190,Non-Tumor
1011,P9_B27-7554-23732,Non-Tumor
1012,P9_B27-8203-28059,Non-Tumor
1013,P9_B27-9346-28187,Non-Tumor
1014,P9_B28-11013-9554,Non-Tumor
1015,P9_B28-11927-9548,Non-Tumor
1016,P9_B28-12856-10047,Non-Tumor
1017,P9_B28-12901-5993,Non-Tumor
1018,P9_B28-14182-7718,Non-Tumor
1019,P9_B28-14508-11698,Non-Tumor
1020,P9_B28-14987-29631,Non-Tumor
1021,P9_B28-15374-32337,Non-Tumor
1022,P9_B28-15856-19913,Non-Tumor
1023,P9_B28-17157-16037,Non-Tumor
1024,P9_B28-18049-26737,Non-Tumor
1025,P9_B28-19864-33157,Non-Tumor
1026,P9_B28-22141-15533,Non-Tumor
1027,P9_B28-22294-32166,Non-Tumor
1028,P9_B28-23153-16435,Non-Tumor
1029,P9_B28-23691-19742,Non-Tumor
1030,P9_B28-25314-10006,Non-Tumor
1031,P9_B28-26096-29717,Non-Tumor
1032,P9_B28-26855-15884,Non-Tumor
1033,P9_B28-27408-11967,Non-Tumor
1034,P9_B28-30940-15637,Non-Tumor
1035,P9_B28-31159-9949,Non-Tumor
1036,P9_B28-31966-8742,Non-Tumor
1037,P9_B28-34690-20420,Non-Tumor
1038,P9_B28-4455-17128,Non-Tumor
1039,P9_B28-4816-22317,Non-Tumor
1040,P9_B28-6717-20778,Non-Tumor
1041,P9_B28-8403-19923,Non-Tumor
1042,P9_B34-10040-27730,Non-Tumor
1043,P9_B34-10616-22327,Non-Tumor
1044,P9_B34-11480-15755,Non-Tumor
1045,P9_B34-12550-21771,Non-Tumor
1046,P9_B34-17628-29682,Non-Tumor
1047,P9_B34-18605-6878,Non-Tumor
1048,P9_B34-22138-14146,Non-Tumor
1049,P9_B34-22505-3850,Non-Tumor
1050,P9_B34-22773-28922,Non-Tumor
1051,P9_B34-23472-28061,Non-Tumor
1052,P9_B34-24112-27360,Non-Tumor
1053,P9_B34-24786-29238,Non-Tumor
1054,P9_B34-24972-14320,Non-Tumor
1055,P9_B34-25704-20109,Non-Tumor
1056,P9_B34-26276-21044,Non-Tumor
1057,P9_B34-26396-10641,Non-Tumor
1058,P9_B34-29602-19976,Non-Tumor
1059,P9_B34-29961-25751,Non-Tumor
1060,P9_B34-31502-20976,Non-Tumor
1061,P9_B34-32214-14627,Non-Tumor
1062,P9_B34-34830-24344,Non-Tumor
1063,P9_B34-3963-13771,Non-Tumor
1064,P9_B34-4804-20458,Non-Tumor
1065,P9_B34-5389-15014,Non-Tumor
1066,P9_B34-8114-26748,Non-Tumor
1067,P9_B34-8406-7688,Non-Tumor
1068,P9_B34-8718-30889,Non-Tumor
1069,P9_B35-12438-25674,Non-Tumor
1070,P9_B35-12815-12096,Non-Tumor
1071,P9_B35-14505-12348,Non-Tumor
1072,P9_B35-15021-9557,Non-Tumor
1073,P9_B35-15208-10297,Non-Tumor
1074,P9_B35-16551-24506,Non-Tumor
1075,P9_B35-16877-31247,Non-Tumor
1076,P9_B35-17883-27584,Non-Tumor
1077,P9_B35-19533-30395,Non-Tumor
1078,P9_B35-21019-2866,Non-Tumor
1079,P9_B35-22735-12061,Non-Tumor
1080,P9_B35-24085-20586,Non-Tumor
1081,P9_B35-24179-20080,Non-Tumor
1082,P9_B35-24524-30984,Non-Tumor
1083,P9_B35-24706-27321,Non-Tumor
1084,P9_B35-25420-14360,Non-Tumor
1085,P9_B35-26037-23313,Non-Tumor
1086,P9_B35-26526-8068,Non-Tumor
1087,P9_B35-32599-17175,Non-Tumor
1088,P9_B35-37035-24678,Non-Tumor
1089,P9_B35-4389-24585,Non-Tumor
1090,P9_B35-6618-26202,Non-Tumor
1091,P9_B35-8320-3884,Non-Tumor
1092,P9_B35-8377-19050,Non-Tumor
1093,P9_B6-10488-27683,Non-Tumor
1094,P9_B6-11153-24729,Non-Tumor
1095,P9_B6-12212-7812,Non-Tumor
1096,P9_B6-15408-27469,Non-Tumor
1097,P9_B6-17146-14469,Non-Tumor
1098,P9_B6-17176-31590,Non-Tumor
1099,P9_B6-17918-19733,Non-Tumor
1100,P9_B6-18080-13972,Non-Tumor
1101,P9_B6-18107-15557,Non-Tumor
1102,P9_B6-18722-31321,Non-Tumor
1103,P9_B6-19328-19600,Non-Tumor
1104,P9_B6-19704-3257,Non-Tumor
1105,P9_B6-19992-23631,Non-Tumor
1106,P9_B6-20458-6118,Non-Tumor
1107,P9_B6-22762-13561,Non-Tumor
1108,P9_B6-23023-20652,Non-Tumor
1109,P9_B6-23209-22319,Non-Tumor
1110,P9_B6-23429-20864,Non-Tumor
1111,P9_B6-2451-23298,Non-Tumor
1112,P9_B6-24779-30011,Non-Tumor
1113,P9_B6-25039-13328,Non-Tumor
1114,P9_B6-27036-22226,Non-Tumor
1115,P9_B6-29196-14072,Non-Tumor
1116,P9_B6-5195-29864,Non-Tumor
1117,P9_B6-6130-23430,Non-Tumor
1118,P9_B6-7024-29103,Non-Tumor
1119,P9_B6-9887-18682,Non-Tumor
1120,P9_B7-10723-33887,Non-Tumor
1121,P9_B7-13277-26914,Non-Tumor
1122,P9_B7-13453-27559,Non-Tumor
1123,P9_B7-14699-28544,Non-Tumor
1124,P9_B7-17432-9890,Non-Tumor
1125,P9_B7-17824-13368,Non-Tumor
1126,P9_B7-21432-27614,Non-Tumor
1127,P9_B7-21767-26717,Non-Tumor
1128,P9_B7-22066-28200,Non-Tumor
1129,P9_B7-23277-6246,Non-Tumor
1130,P9_B7-23373-11741,Non-Tumor
1131,P9_B7-24872-12722,Non-Tumor
1132,P9_B7-26719-8006,Non-Tumor
1133,P9_B7-27737-7637,Non-Tumor
1134,P9_B7-27830-11834,Non-Tumor
1135,P9_B7-31436-18746,Non-Tumor
1136,P9_B7-32198-19590,Non-Tumor
1137,P9_B7-35456-21995,Non-Tumor
1138,P9_B7-3806-21832,Non-Tumor
1139,P9_B7-4168-28271,Non-Tumor
1140,P9_B7-5454-29446,Non-Tumor
1141,P9_B7-6105-28215,Non-Tumor
1142,P9_B7-7568-14821,Non-Tumor
1143,P9_B7-8325-33733,Non-Tumor
